{"_runtime": 145, "_timestamp": 1634719645, "conf_table": {"_type": "table-file", "path": "media/table/conf_table_67_64d53b227faa1d9af28f.table.json", "sha256": "64d53b227faa1d9af28f0039b25e56adeb64e665247c693173315a44082c2d85", "size": 182, "artifact_path": "wandb-client-artifact://p7xsa1zybf9biwi8rz2ut1q5u68dl15e6lummhafhn9sbyflzbzjpynmfynju4p403yl4n5jyd7wier3r4we4nxkkkc3o5r811b7n58448rqix15igksnkvwp0akd2pl:latest/conf_table.table.json", "_latest_artifact_path": "wandb-client-artifact://p7xsa1zybf9biwi8rz2ut1q5u68dl15e6lummhafhn9sbyflzbzjpynmfynju4p403yl4n5jyd7wier3r4we4nxkkkc3o5r811b7n58448rqix15igksnkvwp0akd2pl:latest/conf_table.table.json", "ncols": 3, "nrows": 4}, "_step": 69, "examples": {"_type": "table-file", "path": "media/table/examples_68_91f6e347e7ecd02507aa.table.json", "sha256": "91f6e347e7ecd02507aaae308eae951941a1290f1e97d62b6d4de16dc22ad454", "size": 1253, "artifact_path": "wandb-client-artifact://yi8k19tr590jzjwk377nejnkyaswt4shad4wx65lydtvhb678mxcootxno9od67boickq0t381gnc1y9j8qe4fr1zajbsyjgi2fyo3sdw44ikaf6emfv217vpc76m0oj:latest/examples.table.json", "_latest_artifact_path": "wandb-client-artifact://yi8k19tr590jzjwk377nejnkyaswt4shad4wx65lydtvhb678mxcootxno9od67boickq0t381gnc1y9j8qe4fr1zajbsyjgi2fyo3sdw44ikaf6emfv217vpc76m0oj:latest/examples.table.json", "ncols": 3, "nrows": 20}, "global_step": 267, "train/loss_step": 0.5724349617958069, "train/acc_step": 0.75, "epoch": 1, "trainer/global_step": 267, "train/loss_epoch": 0.6069340109825134, "train/acc_epoch": 0.7043620347976685, "valid/loss_step/epoch_0": 0.47942250967025757, "valid/loss_epoch": 0.6169238090515137, "valid/acc": 0.6912751793861389, "valid/precision_macro": 0.34563758969306946, "valid/recall_macro": 0.5, "valid/precision_micro": 0.6912751793861389, "valid/recall_micro": 0.6912751793861389, "valid/f1": 0.6912751793861389, "valid/loss_step/epoch_1": 0.4994741678237915, "_wandb": {"runtime": 146}}