{"_runtime": 109, "_timestamp": 1634721807, "conf_table": {"_type": "table-file", "path": "media/table/conf_table_67_64d53b227faa1d9af28f.table.json", "sha256": "64d53b227faa1d9af28f0039b25e56adeb64e665247c693173315a44082c2d85", "size": 182, "artifact_path": "wandb-client-artifact://369m9r54h5abjsi5gdw5ml2xzpp5k2z8yl3cbd2veunf96jwi2wmr4nvhceoopmv7tkjvpxt1drdhsslmnv61cmq5riy66axtvuj1p875xgwm2hotp3mg3wjz9dvh769:latest/conf_table.table.json", "_latest_artifact_path": "wandb-client-artifact://369m9r54h5abjsi5gdw5ml2xzpp5k2z8yl3cbd2veunf96jwi2wmr4nvhceoopmv7tkjvpxt1drdhsslmnv61cmq5riy66axtvuj1p875xgwm2hotp3mg3wjz9dvh769:latest/conf_table.table.json", "ncols": 3, "nrows": 4}, "_step": 69, "examples": {"_type": "table-file", "path": "media/table/examples_68_91f6e347e7ecd02507aa.table.json", "sha256": "91f6e347e7ecd02507aaae308eae951941a1290f1e97d62b6d4de16dc22ad454", "size": 1253, "artifact_path": "wandb-client-artifact://13vllmbm5fveczq77nw58rvqsnp3tbgz7ws62fwb83koa8m3q58vm5ytvgwt00fdpkxlatl5f40geej0fwqpdekvpn4dbpt4qq1t5yo8tkk1b9xq40d80n44wkjv2evp:latest/examples.table.json", "_latest_artifact_path": "wandb-client-artifact://13vllmbm5fveczq77nw58rvqsnp3tbgz7ws62fwb83koa8m3q58vm5ytvgwt00fdpkxlatl5f40geej0fwqpdekvpn4dbpt4qq1t5yo8tkk1b9xq40d80n44wkjv2evp:latest/examples.table.json", "ncols": 3, "nrows": 20}, "global_step": 267, "train/loss_step": 0.6076312065124512, "train/acc_step": 0.703125, "epoch": 1, "trainer/global_step": 267, "train/loss_epoch": 0.6073598861694336, "train/acc_epoch": 0.7043620347976685, "valid/loss_step/epoch_0": 0.48488205671310425, "valid/loss_epoch": 0.6190782189369202, "valid/acc": 0.6912751793861389, "valid/precision_macro": 0.34563758969306946, "valid/recall_macro": 0.5, "valid/precision_micro": 0.6912751793861389, "valid/recall_micro": 0.6912751793861389, "valid/f1": 0.6912751793861389, "valid/loss_step/epoch_1": 0.4872555434703827, "_wandb": {"runtime": 109}}