{"train_loss": 0.618070662021637, "epoch": 0, "trainer/global_step": 267, "_runtime": 274, "_timestamp": 1634714285, "_step": 5, "val_loss": 0.6181442737579346, "val_acc": 0.6912751793861389, "_wandb": {"runtime": 274}}